youtube_id,title,duration
Bad9JIBFoOI,What Does Engine Knock /Rod Knock Noise Sound Like? - Watch and Listen!,113
NEfKpBZ0Q7s,Renault 1.6 16V weird unknown engine sound - SOLVED!,23
4FwGJRPmOv0,N54 Weird Engine Sound,8
-qg0w7_U0VM,2017 Hyundai Sonata weird engine noise sound,18
qvg1UtyRn_Y,4runner Weird Engine Noise,7
uzgQt9FQ5eI,CRV R20 weird engine sound,9
7flCCMSmUHg,Toyota Vios 07 weird engine&#39;s sound,9
X17cENNX4IA,Hypermotard weird engine sound,19
4ZWnPv4A5XY,2003 Audi A4 1.8t weird engine noise,17
5gL-IRKyGSg,weird engine sound MKV GTI,25
pppl2MascDE,240D engine buzzing/farting sound?,17
4GyABo5aixg,HELP! What&#39;s this loud buzzing sound coming from my car?,5
K5BVj9282Uc,My car makes fart noises,28
AnARhaUAOcI,2008 Mini Cooper S hardtop N14 engine farting noise on engine shut off,5
4W2LTiFNbhQ,Honda S2000 &quot;Clunk&quot; / &quot;Fart&quot; noise when turning off engine,16
Bad9JIBFoOI,What Does Engine Knock /Rod Knock Noise Sound Like? - Watch and Listen!,113
UqLXwN2GNeU,How to Fix Rattling Engine Noise in Your Car,164
TZzekJOiGJA,Engine ticking noise at idle,20
H9TDHevZgQU,Engine Noise Rattle (solved),38
dP9MXewCpT0,C220 CDI 2011 - W204 - Loud Engine Rattle Noise on Start Up,19
Bad9JIBFoOI,What Does Engine Knock /Rod Knock Noise Sound Like? - Watch and Listen!,113
EuHy_Vpx514,What is Engine Knocking? | Skill-Lync,211
kBWXxWD7g30,Engine knocking sounds,48
maZyPJIOknE,Engine Knock Sound - Explained,177
_eXeEnENR-8,is this an engine knock sound?,12
JH028wUn9mE,What Engine Knock sounds like #Shorts,19
klmn38uWNnA,How to Fix a rod Knock on any Engine!!!,36
vBaW6S-GSeM,Sound of a Dying Engine - Bad Crankshaft Bearing or Piston Knocking?,27
3j9Za7jSGC8,What Bad Engine Noise Sounds Like,55
ChhHs0ZBfWU,5 Worst Car Sounds Indicating Major Repairs Needed - DamagedCars.com Guide,66
Bad9JIBFoOI,What Does Engine Knock /Rod Knock Noise Sound Like? - Watch and Listen!,113
e-4Mf65So_4,What a locked motor sounds like,24
F_CxE4RHPTI,Good Compression Versus Bad Compression (What It Sound Like),144
_eXeEnENR-8,is this an engine knock sound?,12
Kpbgmswmkf4,"Audi A3, S3 GTI Golf R, Engine knocking sound - Camshaft oil actuator",17
a-biXYJ6kes,Car engine failing - Sound Effect,28
Ov7SaZKiGMA,"WHY CAR MAKES WHINING NOISE, ENGINE WHINE NOISE",238
rUBNwHBzkiE,How To Get Rid of Engine Whining/Noise through speakers,111
SpQ6XI8e0LQ,Bad alternator sound,23
tHvQhESOzgo,Bad alternator whine sound,22
94JU-KLzJXc,TRANSMISSION WHINING NOISE WHEN ACCELERATING,179
mpK0wnkst6o,2006 Honda Civic whining noise when driving,40
bqedXPjZ6fE,Whining noise when accelerating Fiesta ST,44
0vkjlfr6RO4,Weird Whining Noise After Accelerating to 2500+rpm (2004 Infiniti G35),19
d7W1bzFSKyc,Need For Speed Underground 2 (2004) - Blown Engine From Drag Racing Sound Effects,13
Bad9JIBFoOI,What Does Engine Knock /Rod Knock Noise Sound Like? - Watch and Listen!,113
6XrMeGYscs8,Honda 2021 F1 engine brutal downshift sound (pops and bangs),14
vBaW6S-GSeM,Sound of a Dying Engine - Bad Crankshaft Bearing or Piston Knocking?,27
8RNuMa76sMg,"ENGINE RIPPED OUT ! [ EXTREME COMPILATION ] (explosions,knock sound,engine failure,fails)",215
a-biXYJ6kes,Car engine failing - Sound Effect,28
Kpbgmswmkf4,"Audi A3, S3 GTI Golf R, Engine knocking sound - Camshaft oil actuator",17
reTA1AkhilM,What a Dying Dodge Challenger sounds like before the engine blows up - 2013 Dodge Challenger,25
P2vALliYg3Y,What a siezed engine sounds like when you try to start it.,87
m2dy7V743D8,This is how a car&#39;s flooded engine sounds like,31
Bad9JIBFoOI,What Does Engine Knock /Rod Knock Noise Sound Like? - Watch and Listen!,113
PjRqQr5NDho,Basic Rod Knock,18
kBWXxWD7g30,Engine knocking sounds,48
Sbypeije6gQ,GM 5.3 Liter Ticking Noise. It&#39;s not what you think it is,156
dXDcVqmQa_I,"Sounds like a Rod Knock noise, but it&#39;s NOT. Get a second opinion for the Repair",16
fK57namo59A,"Clicking, Tapping Engine Noise? Try This Trick Before Replacing AFM Lifters! #shorts",60
Zh8RHEy8xmo,5.7 Hemi lifter tick noise,16
TZzekJOiGJA,Engine ticking noise at idle,20
Bad9JIBFoOI,What Does Engine Knock /Rod Knock Noise Sound Like? - Watch and Listen!,113
UqLXwN2GNeU,How to Fix Rattling Engine Noise in Your Car,164
dXDcVqmQa_I,"Sounds like a Rod Knock noise, but it&#39;s NOT. Get a second opinion for the Repair",16
fK57namo59A,"Clicking, Tapping Engine Noise? Try This Trick Before Replacing AFM Lifters! #shorts",60
klmn38uWNnA,How to Fix a rod Knock on any Engine!!!,36
Kpbgmswmkf4,"Audi A3, S3 GTI Golf R, Engine knocking sound - Camshaft oil actuator",17
ZNfAyCUze_s,A Clicking Noise in a Car After an Oil Change : Car Repair Tips,113
UqLXwN2GNeU,How to Fix Rattling Engine Noise in Your Car,164
H9TDHevZgQU,Engine Noise Rattle (solved),38
qWsZnBamXa8,Engine  Rattle Noise on StartUp Fixed,28
wrKwk6q1l-M,Toyota Rattling (Engine Noise) when Acceleration,168
dP9MXewCpT0,C220 CDI 2011 - W204 - Loud Engine Rattle Noise on Start Up,19
Bad9JIBFoOI,What Does Engine Knock /Rod Knock Noise Sound Like? - Watch and Listen!,113
FwjvUygqL-U,BMT GT 530d N57 engine rattle noise timing chain,34
vqUx0z6IekQ,Engine Rattle Sound on Cold Start Up 2014 Toyota Highlander 3.5L,215
eHYxg9phaXA,Engine Rattling Noise? (EASY FIX!!),178
Bad9JIBFoOI,What Does Engine Knock /Rod Knock Noise Sound Like? - Watch and Listen!,113
TZzekJOiGJA,Engine ticking noise at idle,20
IRcZo89RJzI,Ticking or Knocking Engine,187
JlJF19RYUt8,How to stop engine knock or ticking with Lucas TB Zinc plus,203
fK57namo59A,"Clicking, Tapping Engine Noise? Try This Trick Before Replacing AFM Lifters! #shorts",60
klmn38uWNnA,How to Fix a rod Knock on any Engine!!!,36
cF6pJB7t8uw,"If you hear that lifter tick, you must quitâ€¦. Driving it! #cartips",50
